SMILES,Toxicity
Cn1cc(C2=C(c3cn(C4CCN(Cc5ccccn5)CC4)c4ccccc34)C(=O)NC2=O)c2ccccc21,0
CC1CC2C3CCC4=CC(=O)C=CC4(C)C3C(=O)CC2(C)C1(O)C(=O)CO,0
O=CC(O)C(O)C(O)C(O)CO,0
C=C(C)C1Cc2c(ccc3c2OC2COc4cc(OC)c(OC)cc4C2C3=O)O1,0
COc1cc2c3cc1Oc1c(OC)c(OC)cc4c1C(Cc1ccc(O)c(c1)Oc1ccc(cc1)CC3N(C)CC2)N(C)CC4.Cl.Cl,0
COCC1CC(c2ncc(-c3ccc4c(c3)COc3cc5c(ccc6[nH]c(C7CCC(C)N7C(=O)C(NC(=O)OC)C(C)C)nc65)cc3-4)[nH]2)N(C(=O)C(NC(=O)OC)c2ccccc2)C1,0
O=C(O)C(c1ccccc1)(c1ccccc1)c1ccccc1.OCc1cc(C(O)CNCCCCCCOCCOCc2c(Cl)cccc2Cl)ccc1O,0
CCOc1ccc2ccccc2c1C(=O)NC1C(=O)N2C1SC(C)(C)C2C(=O)O[Na].O,0
CC(=O)SC1CC2=CC(=O)CCC2(C)C2CCC3(C)C(CCC34CCC(=O)O4)C12,0
O=C(O)c1ccccc1Nc1cccc(C(F)(F)F)c1,0
C=C(NC(=O)C(=C)NC(=O)c1csc(C2=NC3c4csc(n4)C4NC(=O)c5csc(n5)C(C(C)(O)C(C)O)NC(=O)C5CSC(=N5)/C(=C/C)NC(=O)C(C(C)O)NC(=O)c5csc(n5)C3(CC2)NC(=O)C(C)NC(=O)C(=C)NC(=O)C(C)NC(=O)C(C(C)CC)NC2C=Cc3c(C(C)O)cc(nc3C2O)C(=O)OC4C)n1)C(N)=O,0
Cl.O=C(Nc1ccccc1)OCC(CN1CCCCC1)OC(=O)Nc1ccccc1,0
CCCCC(CC)COC(=O)C=Cc1ccc(OC)cc1,0
O=C(OC1CC2CC3CC(C1)N2CC3=O)c1c[nH]c2ccccc12,0
COC1(NC(=O)CSCC#N)C(=O)N2C(C(=O)[O-])=C(CSc3nnnn3C)CSC21.[Na+],0
CC(C)(C)NCC(O)c1ccc(O)c(CO)c1,0
Cc1ccccc1C(OCCN(C)C)c1ccccc1.Cl,0
CO/N=C(\C(=O)NC1C(=O)N2C(C(=O)[O-])=CCSC12)c1csc(N)n1.[Na+],0
CCN(CC)CCNC(=O)c1cc(Cl)c(N)cc1OC,0
COc1cc(OC)cc(N(CCNC(C)C)c2ccc3ncc(-c4cnn(C)c4)nc3c2)c1,0
O=C(O)C1CCCN1.OCC1OC(c2ccc(F)c(Cc3cc4ccccc4s3)c2)C(O)C(O)C1O,0
CCc1c2c(nc3ccc(OC(=O)N4CCC(N5CCCCC5)CC4)cc13)-c1cc3c(c(=O)n1C2)COC(=O)C3(O)CC,0
OCC1OC(n2cnc3c2NC=NCC3O)CC1O,0
CN(C)C1C(=O)C(C(N)=O)=C(O)C2(O)C(=O)C3=C(O)c4c(O)cccc4C(C)(O)C3CC12,0
CC/C=C\C/C=C\C/C=C\C/C=C\C/C=C\CCCC(=O)OCC,0
CCNC1CC(C)S(=O)(=O)c2sc(S(N)(=O)=O)cc21.Cl,0
Cl.Clc1ccccc1CN1CCc2sccc2C1,0
C[n+]1ccccc1/C=N/O.[Cl-],0
O=C([O-])/C=C/c1ccc(Cn2ccnc2)cc1.[Na+],0
CC1(C)[C@@H]2CC[C@@]1(C)C(=O)C2,0
COC1=CC(=O)C[C@@H](C)[C@]12Oc1c(Cl)c(OC)cc(OC)c1C2=O,0
CN(C)/N=N/c1[nH]cnc1C(N)=O,0
O[C@]1(c2ccc(Cl)cc2)c2ccccc2C2=NCCN21,0
CN1[C@@H](CCl)Nc2cc(Cl)c(S(N)(=O)=O)cc2S1(=O)=O,0
CO/N=C(\C(=O)N[C@H]1C(=O)N2C(C(=O)O)=C(CS[C@H]3NC(=O)C(=O)NN3C)CS[C@H]12)c1csc(N)n1,0
COc1c(O)cc2c(c1O)[C@@H]1O[C@H](CO)[C@@H](O)[C@H](O)[C@H]1OC2=O,0
C[C@]12CC[C@H]3[C@@H](CC[C@@]45O[C@@H]4C(O)=C(C#N)C[C@@]35C)[C@@H]1CC[C@@H]2O,0
CCCCC[C@H]1Nc2cc(C(F)(F)F)c(S(N)(=O)=O)cc2S(=O)(=O)N1,0
CC[C@H](c1ccc(O)cc1)[C@@H](CC)c1ccc(O)cc1,0
Cc1nccn1C[C@@H](C)O,0
CCOC(=O)Nc1ccc2c(c1)N(C(=O)CCN1CCOCC1)c1ccccc1S2,0
CC(C)=CCN1CC[C@@]2(C)c3cc(O)ccc3C[C@@H]1[C@@H]2C,0
CCCc1nn(C)c2c(=O)[nH]c(-c3cc(S(=O)(=O)N4CCN(C)CC4)ccc3OCC)nc12,0
c1ccc2c(c1)Nc1ccccc1S2,0
C[C@H]1CN(C[C@H](Cc2ccccc2)C(=O)NCC(=O)O)CC[C@@]1(C)c1cccc(O)c1,0
C[C@@H](O[C@H]1OCCN(Cc2n[nH]c(=O)[nH]2)[C@H]1c1ccc(F)cc1)c1cc(C(F)(F)F)cc(C(F)(F)F)c1,0
CCCCN(CCCC)CCC[C@@H](O)c1ccc(NS(C)(=O)=O)cc1,0
O=C1CN(/N=C/c2ncc(-c3ccc(Br)cc3)o2)C(=O)N1,0
COC(=O)Nc1nc2cc(C3(c4ccc(F)cc4)OCCO3)ccc2[nH]1,0
Nc1nc(=O)c2sc(=O)n([C@@H]3O[C@H](CO)[C@@H](O)[C@H]3O)c2[nH]1,0
O=C(O)Cc1ccc2c(c1)C(=O)c1ccccc1CO2,0
Cc1cc2c(=O)c(=[N+]([O-])O)c(=O)c2cc1C,0
O=P(O)(O)C(O)P(=O)(O)O,0
Cc1nc2n(c(=O)c1CCN1CCC(c3noc4cc(F)ccc34)CC1)CCC[C@H]2O,0
COc1ccc(OC(=O)N(CC(=O)O)[C@@H](C)c2ccc(OCCc3nc(-c4ccccc4)oc3C)cc2)cc1,0
OC(c1ccc(Cl)cc1)(c1ccc(Cl)cc1)C1CC1,0
CCOC(=O)C1=Cc2c3nc(cc4[nH]c(cc5nc(cc6[nH]c2[C@]1(CC)[C@@H]6C)C(CC)=C5C)c(CC)c4C)C(CC)=C3C,0
COc1ccccc1N1CCN(CCc2c[nH]c3cc4c(cc23)OCO4)CC1,0
CN(C(=O)Cc1ccc(Cl)c(Cl)c1)[C@H]1CC[C@@]2(CCCO2)C[C@@H]1N1CCCC1,0
COc1c2occc2c(OC)c2c(=O)cc(CSC)oc12,0
Cc1cccc(Oc2cnc(=O)[nH]c2)c1,0
Oc1cc(Cl)ccc1Oc1ccc(Cl)cc1Cl,0
O=C(O)CC/C=C\CC[C@H]1[C@@H](OCc2ccc(-c3ccccc3)cc2)C[C@H](O)[C@@H]1N1CCCCC1,0
COCCNC(=O)CN(CCN(CCN(CC(=O)O)CC(=O)NCCOC)CC(=O)O)CC(=O)O,0
CCCCOC[C@@H](CN1C(=O)NC(=O)[C@@](CC)(c2ccccc2)C1=O)OC(N)=O,0
CCC(=O)C1(c2ccccc2)CCN(CCOCCO)CC1,0
CC(C)=CC(=O)NS(=O)(=O)c1ccc(N)cc1,0
CC[C@H](C(=O)OCCN(CC)CC)c1ccccc1,0
CCN(CC)CCOc1ccc(/C(=C(/Cl)c2ccccc2)c2ccccc2)cc1,0
CCN(CC)CCOC(=O)C1(C2CCCCC2)CCCCC1,0
O=P(O)(O)Oc1cc(O)cc(O)c1,0
CN(C)CCOc1ccccc1Cc1ccccc1,0
CCC(CC)CC1(C(=O)Nc2ccccc2SC(=O)C(C)C)CCCCC1,0
Nc1c2c(nc3c1CCC3)CCCC2,0
CC(=O)N(c1ccnn1-c1ccccc1)S(=O)(=O)c1ccc(N)cc1,0
COc1ccc(C(=O)Nc2cccc(O)c2NC(=O)c2ccc(N3CCCN(C)CC3)cc2)cc1,0
O=C(Nc1ccncc1)C(=O)c1cn(Cc2ccc(Cl)cc2)c2ccccc12,0
CC(C)c1cc(-c2n[nH]c(=O)n2-c2ccc3c(ccn3C)c2)c(O)cc1O,0
C[C@H]1CN(Cc2ccc(CC(=O)N3CCC(Nc4cccc(F)c4)CC3)cc2)CCN1,0
COc1cc(CNCCC2CCOCC2)ccc1Oc1cnc(C(N)=O)cn1,0
C[C@@H](OC[C@@]1(c2ccccc2)CC[C@]2(CCC(=O)N2)CN1)c1cc(C(F)(F)F)cc(C(F)(F)F)c1,0
Nc1ncn([C@H]2C[C@H](O[P@@](=O)(O)OC[C@H]3O[C@@H](n4cnc5c(=O)nc(N)[nH]c54)C[C@@H]3O)[C@@H](CO)O2)c(=O)n1,0
O=C([O-])Cc1cc(O)ccc1O,0
C[N+](C)(C)C[C@H](O)CC(=O)[O-],0
O=C1O[C@H]([C@@H](O)CO)[C@H](O)[C@@H]1O,0
CCCCCCCCCCCC(=O)[O-],0
COc1cc2c(CCNC(C)=O)c[nH]c2cc1O,0
C[C@H](CCCC(C)(C)O)[C@H]1CC[C@H]2[C@@H]3[C@H](O)C=C4C[C@@H](O)CC[C@]4(C)[C@H]3CC[C@@]21C,0
O=P([O-])([O-])O[C@@H]1C[C@H](O)[C@@H](CO)O1,0
CCCCC[C@H](O)/C=C/[C@H]1[C@H](O)CC(=O)[C@@H]1CCCCCCC(=O)[O-],0
[NH3+][C@@H](Cc1c[nH]cn1)C(=O)[O-],0
CCCCCCCCCCCCCCC(=O)[O-],0
O=S(=O)([O-])[S-],0
C[C@]12CC[C@H]3[C@@H](CCC4=CC(=O)CC[C@@]43C)[C@@H]1CC[C@H]2O,0
N[C@@H](C[SH](=O)=O)C(=O)O,0
C=CC1=C(C)C(/C=c2/[nH]/c(=C\c3[nH]c(/C=C4\NC(=O)C(C)=C4C=C)c(C)c3CCC(=O)O)c(CCC(=O)O)c2C)=NC1=O,0
CC(CO)CCC[C@@H](C)[C@H]1CC[C@H]2[C@H]3[C@H](C[C@H](O)[C@@]21C)[C@@]1(C)CC[C@@H](O)C[C@H]1C[C@H]3O,0
CC(C)CCC[C@@H](C)[C@H]1CC[C@H]2[C@H]3[C@H](CC[C@@]21C)[C@@]1(C)CC[C@H](O)CC1=C[C@@H]3O,0
CC(C)=CCC[C@@H](C)[C@H]1CC[C@H]2C3=CC[C@H]4C[C@@H](O)CC[C@]4(C)C3CC[C@@]21C,0
O=C1C=C2N[C@H](C(=O)O)C=C2CC1=O,0
C=CC=O,1
CCCSP(=O)(OCC)SCCC,1
O=[N+]([O-])OCC(CO[N+](=O)[O-])(CO[N+](=O)[O-])CO[N+](=O)[O-],1
S=[Hg],1
Clc1ccc(Cl)c(-c2c(Cl)cccc2Cl)c1Cl,1
c1cc2ccc3ccc4ccc5ccc6ccc1c1c2c3c4c5c61,1
CC(=O)[O-].CC(=O)[O-].[Zn+2],1
N#C[K],1
COc1c2ccoc2c(OC)c2oc(=O)ccc12,1
CNC(=O)Oc1ccccc1C1CCCC1,1
COC(=O)NS(=O)(=O)c1ccc(N)cc1,1
COC(=O)NS(=O)(=O)c1ccc(N)cc1.[Na+],1
CNC(=O)Oc1cccc(N=CN(C)C)c1,1
CNC(=O)Oc1cc(C)c(C)c(C)c1,1
CC(=O)O.CC(=O)O.O=[U]=O,1
[C-]#[C-].[Cu+].[Cu+],1
O=[As](O)(O)c1ccc(N=Nc2ccc([As](=O)(O)O)cc2)cc1,1
O=[As]([O-])([O-])[O-].[Fe+3],1
[AlH3],1
[Al+3].[O-2].[OH-],1
F.F.F.O=[V],1
CC1(C)CC(N=C=O)CC(C)(CN=C=O)C1,1
C=C(C#N)C(=O)OCC,1
O=C(Cl)C(F)(F)Br,1
Cc1cccc(CBr)c1,1
c1ccc2c([Sb](c3cccc4ccccc34)c3cccc4ccccc34)cccc2c1,1
Brc1ccccc1-c1c(Br)cc(Br)c(Br)c1Br,1
Clc1cc(Cl)c2c(c1Cl)Oc1c(Cl)cccc1O2,1
Clc1cc(Cl)c2c(c1)Oc1c(cc(Cl)c(Cl)c1Cl)O2,1
Clc1cc(Cl)c2c(c1)Oc1c(Cl)c(Cl)cc(Cl)c1O2,1
Clc1ccc2c(c1Cl)Oc1c(Cl)c(Cl)c(Cl)c(Cl)c1O2,1
Brc1cc2oc3cc(Br)c(Br)c(Br)c3c2c(Br)c1Br,1
O=C(CCl)c1ccc2oc3ccccc3c2c1,1
CCC(C)C1(CC)C(O)=NC(=O)N=C1O,1
CC(C)CC(C)C,1
CC(C)C(C)(C)C,1
CCC(C)CCCCC(O)=NC(CCN)C(O)=NC(C(O)=NC(CCN)C(O)=NC1CCN=C(O)C(C(C)O)N=C(O)C(CCN)N=C(O)C(CCN)N=C(O)C(CC(C)C)N=C(O)C(Cc2ccccc2)N=C(O)C(CCN)N=C1O)C(C)O,1
CC(C)[C@H](N)C(=O)OCCOCn1cnc2c(O)nc(=N)[nH]c21,1
C[C@](N)(Cc1ccc(O)c(O)c1)C(=O)O,1
CC(C)CCCCCCCCCCOC(=O)c1ccccc1C(=O)OCCCCCCCCCCC(C)C,1
CCC(C)n1c(=O)[nH]c(C)c(Br)c1=O,1
CSc1nc(NC(C)C)nc(NC(C)C)n1,1
CNC(=N)N,1
CC(=O)CCl,1
CC(C)O,1
CC(=O)/C(C)=C/C1C(C)=CCCC1(C)C,1
OCC1OC2OC3C(CO)OC(OC4C(CO)OC(OC5C(CO)OC(OC6C(CO)OC(OC7C(CO)OC(OC8C(CO)OC(OC9C(CO)OC(OC1C(O)C2O)C(O)C9O)C(O)C8O)C(O)C7O)C(O)C6O)C(O)C5O)C(O)C4O)C(O)C3O,1
COC(=O)/N=c1\[nH]c2ccc(C(=O)c3ccccc3)cc2[nH]1,1
COc1cccc(N)c1,1
O=C1CCCCCO1,1
OCC#CCO,1
COCC(=O)N(c1c(C)cccc1C)[C@@H](C)C(=O)OC,1
C=CC(=C)Cl,1
O=C[C@H]1CO1,1
O=C(Nc1cccc(Cl)c1)OCC#CCCl,1
CC(=O)OC[C@H](COc1ccccc1)OC(C)=O,1
NC(=O)OCCO,1
O=C=Nc1ccc(Cc2ccc(N=C=O)cc2)cc1,1
c1ccc(-c2cccc(-c3ccccc3)c2)cc1,1
C#CC(C)(C)NC(=O)c1cc(Cl)cc(Cl)c1,1
CCOC(=O)N(C)C(=O)CSP(=S)(OCC)OCC,1
Cc1cc(Cc2cc(C)cc(C3(C)CCCCC3)c2O)c(O)c(C2(C)CCCCC2)c1,1
CCCN[C@H]1CCc2nc(N)sc2C1,1
O=c1oc2c(O)c(O)cc3c(=O)oc4c(O)c(O)cc1c4c23,1
O=C1c2ccccc2C(=O)c2c1ccc1nc3c(ccc4c(=O)c5ccccc5c(O)c43)[nH]c21,1
CCOC(=O)[C@H]1CN(CCCN2C[C@H](C(=O)OCC)C(=O)C2=O)C(=O)C1=O,1
C[C@H]1O[C@](C)(O)[C@@H](C)O[C@]1(C)O,1
COC(=O)c1cccc(-c2ccc(CN)cc2)c1,1
CC(=O)Cl,1
NC1=NC(=O)[C@@H]2C(=N1)NC[C@H](CNc1ccc(C(=O)N[C@@H](CCC(=O)O)C(=O)O)cc1)N2C=O,1
O=C1C=CCC=C1/C=N\CC/N=C/C1=CCC=CC1=O,1
Cc1c(OCC(F)(F)F)ccnc1CC(=O)c1nc2ccccc2[nH]1,1
CCCCCCC(C)(C)c1ccc([C@H]2CCC[C@@H](O)C2)c(O)c1,1
CC[C@@H](O)Br,1
COC(=O)[C@@H](CCCN=C(N)N)NC(=O)[C@@H](N)Cc1ccc(O)cc1,1
CC(C)(C)OC(=O)[C@@H]1CCCN2CCC[C@H](N3C(=O)c4ccccc4C3=O)C(=O)N12,1
O=C1CNc2cc(Br)cnc2N1,1
CC(C)(c1ccc(O)cc1)c1c(Cl)cc(OCl)c(Cl)c1Cl,1
CC(C)OC(=O)[C@H](C)N[P@@](=O)(CC[C@H]1O[C@@H](n2ccc(=O)[nH]c2=O)[C@](C)(F)[C@@H]1O)Oc1ccccc1,1
C[C@@H](N)NCCO,1
